Name,Website,Youtube,About,TrustFactors,Topics,Wikipedia,X
Aeon,https://aeon.co/,n/a,"Science, philosophy, society and the arts","Not-for-profit, registered UK charity operated by Aeon Media Group Ltd. Deductible Gift Recipient (DGR) organization in Australia. Through Aeon America, US 501(c)(3) nonprofit organization. Funded by donations and sponsorships in email newsletters.","Philosophy, Science, Psychology, Society, Culture",https://en.wikipedia.org/wiki/Aeon_(digital_magazine),https://twitter.com/aeonmag
AllSides,https://www.allsides.com/,https://www.youtube.com/@AllSidesNow,"Unlike regular news services, AllSides exposes bias and provides multiple angles on the same story so you can quickly get the full picture, not just one slant.","AllSides staff self-report their political leanings. As of 2021, AllSides made money through paid memberships, one-time donations, media literacy training and online advertisements​​.","Abortion, Arts and Entertainment, Australia, Banking and Finance, Business, Campaign Finance, China, Civil Rights, Common Ground, Coronavirus, Criminal Justice, Culture, Defense and Security, Economy and Jobs, Education, Elections, Energy, Environment, Facts and Fact Checking, Fake News, Family and Marriage, Federal State and Tribal Powers, Foreign Policy, Free Speech, General News, Gun Control and Gun Rights, Healthcare, Housing and Homelessness, Humor and Satire, Immigration, Inequality, Justice, LGBTQ Issues, Media Bias, Media Industry, Middle East, Polarization, Politics, Presidential Election, Privacy, Public Health, Race and Racism, Religion and Faith, Russia, Russia-Ukraine Conflict, Science, Sexual Misconduct, Sports, Supreme Court, Sustainability, Taxes, Technology, Terrorism, The Americas, Threats to Democracy, Trade, US Census, US Constitution, Ukraine War, Violence in America, Voting Rights, Voter Fraud",https://en.wikipedia.org/wiki/AllSides,https://twitter.com/AllSidesNow
Al Jazeera,https://www.aljazeera.com,https://www.youtube.com/@aljazeeraenglish,"Qatar-based international news organization. It operates a website, aljazeera.com, which offers news coverage with a focus on the Middle East and global affairs. Known for its diverse viewpoints, especially from the Middle East, it covers a range of topics including politics, economics, culture, and social issues. Al Jazeera is recognized for its in-depth reporting and has gained a reputation for providing perspectives often not seen in Western media outlets.",Funded by the government of Qatar,"Politics, Middle East, International Relations, Economics, Social Issues, Culture, Environment, Science, Health, Human Rights, Conflicts, Diplomacy, Sports, Technology, Media Analysis, Israel Palestine conflict",https://en.wikipedia.org/wiki/Al_Jazeera,https://twitter.com/AJEnglish
Alternet,https://www.alternet.org,n/a,Award-winning news magazine and online community that creates original journalism and amplifies the best of hundreds of other independent media sources,"Until April 2018, financed through individual donations, grants from major donors, and ad revenue​​.","Progressive news and culture, including News & Politics, World, Economy, Civil Liberties, Immigration, Reproductive Justice, Environment, Animal Rights, Food, Water, Books, Media and Culture, Belief, Drugs, Personal Health, Sex and Relationships, Vision, and Investigations.",https://en.wikipedia.org/wiki/AlterNet,https://twitter.com/AlterNet
Amnesty International,https://www.amnesty.org,https://www.youtube.com/@amnesty,Human rights,UK registered charity. Funded by donations. No government or political party donations.,"Human Rights Advocacy, International Law, Social Justice, Civil Liberties, Humanitarian Aid",https://en.wikipedia.org/wiki/Amnesty_International,https://twitter.com/amnesty
Anthropocene Magazine,https://anthropocenemagazine.org/,n/a,"Anthropocene Magazine focuses on creating a sustainable human age, highlighting solutions rather than just environmental crises. They offer evidence-based journalism to spark discussions about innovation and reform in climate and sustainability science.","Nonprofit. Owned by Future Earth. Funded by donations, grants, and sponsorships, and by the U.S. US Science Foundation, which is funded by the U.S. government.","Anthropocene, Biodiversity, Cities, Decarbonization, Environment, Food & Agriculture, Climate Change, Sustainable Consumption, Oceans, Health, Green Business.",https://en.wikipedia.org/wiki/Anthropocene_(journal),https://twitter.com/AnthropoceneMag
BBC,http://www.bbc.com/news,https://www.youtube.com/@BBCNews,UK and global news,"Funded primarily by the UK television license fee.","News, Sport, Music, Science, Technology, Entertainment, Comedy, Food, Health, History, Learning, Music, Science and Nature.",https://en.wikipedia.org/wiki/BBC_News,https://twitter.com/BBCNews
Black Agenda Report,https://www.blackagendareport.com/,n/a,"News, commentary, and analysis from the Black left",Operated by Black journalists and activists. Audience supported.,"Africa, African America, Education, Environment, International affairs, Media and Culture, Political Economy, U.S. Politics, War, Empire",n/a,https://twitter.com/blkagendareport
BlackPressUSA,https://blackpressusa.com/,https://www.youtube.com/@BlackPressUSATV,News and commentary from African-American-owned newspapers and media companies,"Published by the US Newspaper Publishers Association (NNPA), the trade organization advocating for America’s African-American-owned newspapers and media companies. Features content by member publications and by NNPA News Service. Funded in part by corporate sponsorships.","U.S. and International News, Politics, Business, Arts and Entertainment, Sports, Lifestyle, Education, Technology, History",https://en.wikipedia.org/wiki/National_Newspaper_Publishers_Association,https://twitter.com/BlackPressUSA
Borderless Magazine,https://borderlessmag.org/,https://www.youtube.com/@BorderlessMagazine,Immigration news,501(c)(3) nonprofit organization. Funded by grants and donations. Partners with other media organizations. Viewpoint: immigration journalism for a more just and equitable future.,"Black Immigrants Today, After the Bus series, Afghans in Exile series, Environment, As Told To, Investigation, Arts & Culture, Immigration Policy, Resources",https://en.wikipedia.org/wiki/Borderless_(magazine),https://twitter.com/BorderlessMag
BreakThrough News,https://breakthroughnews.org,https://www.youtube.com/@BreakThroughNews,"BreakThrough News is a media outlet that focuses on providing alternative and independent news coverage, analysis, and commentary on various social, political, and economic issues. It aims to offer perspectives that may not be as prominently featured in mainstream media. BreakThrough News covers topics such as social justice, activism, inequality, international affairs, and more, with a particular emphasis on grassroots movements and marginalized communities. It seeks to challenge the status quo and provide a platform for voices that are often underrepresented in traditional media.","501(c)3 nonprofit organization in the United States. No corporate donations or state funding. Our funding derives from our viewers, supporters, and foundations that share our mission.","Israel Palestine conflict, Africa, Asia, Black America, Economy, Latin America, Middle East, U.S. Foreign Policy, Women's Rights, Climate, Labor, China, People's Movements, Palestine, News, Shows, Documentaries, Social Issues, Political Issues, Resistance Movements, Mainstream Media Critique.",https://en.wikipedia.org/wiki/BreakThrough_News,https://twitter.com/btnewsroomhttps://twitter.com/btnewsroom
Buffalo's Fire,https://www.buffalosfire.com/,https://www.youtube.com/@buffalosfiretv4193,American Indian news,"Published by the Indigenous Media Freedom Alliance, a 501(c)(3) nonprofit organization, located on the Fort Berthold Reservation in North Dakota. Edited by Jodi Rave Spotted Bear, who is Mandan-Hidatsa and Lakota. Reader supported.","Indigenous democracy, Environmental reporting, Cultural preservation",n/a,https://twitter.com/buffalosfire
Bulletin of the Atomic Scientists,https://thebulletin.org/,https://www.youtube.com/@BulletinAtomic,"Nuclear risk, climate change, and disruptive technologies",501(c)(3) nonprofit organization. Funded by grants and by individual and corporate donations. Viewpoint: opposed to extinction.,"Nuclear risk, Climate change, Disruptive technologies",https://en.wikipedia.org/wiki/Bulletin_of_the_Atomic_Scientists,https://twitter.com/BulletinAtomic
C-Span,https://www.c-span.org/,https://www.youtube.com/@CSPAN,"The C-SPAN networks were created by the cable industry and are offered as a public service to provide access to balanced, commercial-free coverage of the American political process.","The networks are privately funded by the cable industry, without government or taxpayer support.","United States federal government proceedings, U.S. House of Representatives, U.S. Senate, Government hearings, Political events, Historical programming, Non-fiction books, Public policy, U.S. Political campaigns, Republican and Democratic presidential nominating conventions, Libertarian party events, Midterm elections, Congressional hearings, White House press briefings, Presidential speeches, Federal Communications Commission hearings, Pentagon press conferences, State of the Union speeches, Presidential press conferences, Press conferences, National Press Club events, Public policy seminars, White House Correspondents' Dinner, Supreme Court audio recordings, International government proceedings (e.g., Parliament of Australia, Parliament of Canada, Parliament of the United Kingdom), Global news events, Lying in state ceremonies, State funerals, Natural disaster coverage, Space Shuttle mission launches",https://en.wikipedia.org/wiki/C-SPAN,https://twitter.com/cspan
Chalkbeat,https://www.chalkbeat.org/,https://www.youtube.com/@Chalkbeat,Education,Nonprofit. Funded by donations and grants.,"Education policy, Teacher effectiveness, COVID-19 impact",https://en.wikipedia.org/wiki/Chalkbeat,https://twitter.com/Chalkbeat
Common Dreams,https://www.commondreams.org/,https://www.youtube.com/@commondreams8256,US and world news,"501(c)(3) nonprofit. Reader supported, small donations. No ads, no corporate or government funds. Social justice viewpoint.","Social justice, Climate, Politics",https://en.wikipedia.org/wiki/Common_Dreams,https://twitter.com/commondreams
Consortium News,https://consortiumnews.com/,https://www.youtube.com/@consortiumnews8744,"Since 1995, as the first investigative news magazine based on the Internet, Consortiumnews.com has managed to produce groundbreaking journalism on many of the most significant issues of the day, including national security, foreign policy, politics and the environment. ","Pioneer in investigative journalism on the internet, has established credibility through its long-standing presence since 1995. They are known for their detailed reporting on complex issues like advanced technologies, American empire, and political corruption. Their commitment to in-depth investigative journalism and focus on historically significant political and social issues contribute to their trustworthiness. ","Advanced technologies, American empire, Politics, Human rights, Climate change, Foreign policy, Historical analysis, Military and militarism, Media analysis, Legal issues, Political commentary, Global news",https://en.wikipedia.org/wiki/Consortiumnews.com,https://twitter.com/Consortiumnews
Counter Currents,https://countercurrents.org,https://www.youtube.com/user/CCMEDIACHANNEL,"Humanity faces threats like climate change, resource depletion, rising food and fuel prices, hunger, natural calamities, water scarcity, debt crisis, unemployment, social tensions, human rights violations, and ecological degradation. Countercurrents.org aims to raise awareness about these crises and find solutions, advocating for the end of energy-intensive globalization, replacing it with low energy, sustainable local economies, and an equitable distribution of resources. They focus on issues like Climate Change, Peak oil, Palestine, Iraq, Syria, and question capitalism and consumerism, promoting a sustainable ecological economy and wealth distribution.","Owned and edited by Binu Mathew. It is a news and opinion website based in India, founded in 2001. The site is known for its progressive left perspective and is non-commercial. It is mostly factual in its reporting, with a high credibility rating, despite being one-sided in its editorial positions","Progressive News, Human Rights, Environmentalism, Climate Change, Social Justice, India News, Global South",https://en.wikipedia.org/wiki/Countercurrents.org,https://twitter.com/Countercurrents
CounterPunch,https://www.counterpunch.org,n/a,"Independent left-leaning articles on various topics, including special segments and weekend editions, with a history of publishing books and a newsletter/magazine.","Owned by The Institute for the Advancement of Journalistic Clarity. It generates revenue through book sales, donations, grants, and advertising.","Politics, Left-wing politics, Muckraking, US politics, Social issues, Environmental issues, Economic issues, International politics, Civil liberties, Radical viewpoints",https://en.wikipedia.org/wiki/CounterPunch,https://twitter.com/CounterPunch_
Daily Yonder,https://dailyyonder.com/,https://www.youtube.com/@DailyYonder,Rural America,"Nonprofit. Funded by donations, grants, and sponsorships.","Rural communities, agriculture, rural economy, rural healthcare and education",https://en.wikipedia.org/wiki/Daily_Yonder,https://twitter.com/dailyyonder
Democracy in Europe Movement 2025,https://diem25.org,https://www.youtube.com/@DiEM25official,"Democracy in Europe Movement 2025 (DiEM25) is a pan-European political movement and political party founded in 2016 by a group of Europeans, including Yanis Varoufakis and Srećko Horvat. DiEM25 aims to democratize the European Union (EU) and address issues related to transparency, technology, economy, environment, refugees and migrants, culture, post-capitalism, and the European constitutional process. It advocates for a more democratic and transparent EU, and it has gained support from individuals across Europe who share these goals.",501(c)(3) nonprofit,"Israel Palestine conflict, EU politics, pan-Europeanism, post-capitalism, progressivism, democratic socialism, environmentalism, ecofeminism, alter-globalisation​, oligarchies",https://en.wikipedia.org/wiki/Democracy_in_Europe_Movement_2025,https://twitter.com/diem_25
Democracy Now,https://www.democracynow.org/,https://www.youtube.com/@DemocracyNow,"Daily, global, independent news hour with breaking headlines and in-depth interviews on pressing issues, offering diverse and provocative perspectives.","501(c)(3) nonprofit. Audience supported. No ads, underwriting, corporate or government funding.","COP28 Climate Summit, Israel Palestine conflict, Climate crisis, Immigration, Ukraine conflict, Abortion rights, Donald Trump, Gun control, Police brutality, Supreme Court issues",https://en.wikipedia.org/wiki/Democracy_Now!,https://twitter.com/democracynow
Electronic Intifada,https://electronicintifada.org/,https://www.youtube.com/@TheElectronicIntifada,"The Electronic Intifada is an independent online news publication focusing on Palestine, its people, politics, culture, and place in the world. Founded in 2001, it provides a platform for media analysis, criticism, and activism. The site is known for presenting a Palestinian perspective on current events, particularly related to the Israeli-Palestinian conflict.","The Electronic Intifada, as an independent online news publication, operates primarily on funding from reader donations, reflecting a model that supports editorial independence but lacks transparency in financial disclosures. Its ownership is vested in its founders, Ali Abunimah, Arjan El Fassed, Laurie King, and Nigel Parry, ensuring an independent stance with no explicit political or governmental affiliations. The publication is known for its pro-Palestinian perspective, especially in its coverage of the Israeli-Palestinian conflict. This is evident in its story selection and language use, which often exhibit emotional charge and bias. Despite criticisms for one-sided reporting and occasional reliance on poor sources, The Electronic Intifada defends its approach by emphasizing its mission to offer perspectives often underrepresented in mainstream media, asserting its editorial independence and commitment to covering Palestinian issues.","Palestinian perspective, Israeli-Palestinian conflict, pro-Palestinian activism, Middle East politics, Palestine news, Israel occupation, Palestinian culture, Palestinian rights, media analysis, media criticism, international activism, Middle East conflict, humanitarian issues in Palestine, Israeli government policies",https://en.wikipedia.org/wiki/The_Electronic_Intifada,https://twitter.com/intifada
Ensia,https://ensia.com/,https://www.youtube.com/@ensia9074,Environmental solutions,Nonprofit. Funded by donations and grants.,"Climate Change, Biodiversity, Water Issues, Sustainable Energy, Food Systems, Conservation, Environmental Policy, Sustainable Technology, Ecosystems",n/a,https://twitter.com/ensiamedia
Environmental Health News,https://www.ehn.org,https://www.youtube.com/@EnvironmentalHealthNewsEHN,"Advocating good science and journalism in environmental health, focusing on climate change, equity in health, and sustainability, with daily articles and news digests on various environmental health topics.","nonprofit, nonpartisan","Air Pollution, Climate Change, Environmental Disasters, Public Health, Toxicology, Endocrine Disruptors, Water Quality, Environmental Policies, Pollution, Environmental Conservation",https://en.wikipedia.org/wiki/Environmental_Health_News,https://twitter.com/EnvirHealthNews
Fair Observer,https://www.fairobserver.com/,https://www.youtube.com/@FairObserver,"Fair Observer is a section 501(c)(3) nonprofit media organization in the US that educates global citizens both through its journal and its teaching programs. Our crowdsourced multimedia journal, with strong editorial processes, provides a 360° view to help you make sense of the world. Our education and training programs for students, young professionals and business executives cover subjects like journalism, geopolitics, the global economy, diversity and more.",501(c)(3) nonprofit. Reader supported. No ads.,"Politics, Economics & Finance, Business & Entrepreneurship, Art & Culture, Science & Technology, Environment & Climate Change, World Leaders, The Americas, Europe, Middle East & North Africa, Africa, Asia, United States, India, China, Russia",https://en.wikipedia.org/wiki/Fair_Observer,https://twitter.com/FairObserver
Fairness & Accuracy in Reporting (FAIR),https://fair.org,n/a,"Progressive media watchdog challenging corporate media bias and misinformation, advocating for press diversity, exposing neglected news, and supporting structural reform in media.","Nonprofit media criticism organization founded in 1986. It is based in New York City and was founded by Jeff Cohen and Martin A. Lee. FAIR is known for monitoring the U.S. news media for inaccuracy, bias, and censorship, and it advocates for a greater diversity of perspectives in news reporting. The organization opposes corporate ownership of media entities and calls for the break-up of media conglomerates, holding a progressive stance. FAIR's work is funded through donations and a store selling products. The organization is rated as having a left-center bias and high factual reporting by Media Bias/Fact Check, indicating it slightly favors the left politically but is generally trustworthy for information","media criticism, media bias, press freedom, progressive media, censorship, corporate media, media conglomerates, public broadcasting, nonprofit media",https://en.wikipedia.org/wiki/Fairness_and_Accuracy_in_Reporting,https://twitter.com/FAIRmediawatch
Grist,https://grist.org/,https://www.youtube.com/@Grist,Environment and social justice,Nonprofit. Reader supported. Viewpoint: working toward a planet that doesn’t burn and a future that doesn’t suck.,"Environment, Social Justice, Climate Change, Sustainability, Green Living, Environmental News, Eco-friendly Solutions, Clean Energy, Environmental Advocacy",https://en.wikipedia.org/wiki/Grist_(magazine),https://twitter.com/grist
In These Times,https://inthesetimes.com,n/a,"Independent, nonprofit magazine analyzing movements on the American Left, bridging social movements with progressive politics, and offering in-depth investigations and discussions on democracy, economic justice, and policy-making.","Reader-supported, Independent nonprofit news organization, Retains full authority over editorial content, Maintains firewall between news coverage decisions and revenue sources, Accepts gifts, grants, and sponsorships for general support, Ensures editorial control over the coverage, Commits to donor transparency","Progressive Politics, Social Justice, Labor Issues, Economic Inequality, Grassroots Movements, Political Analysis, Environment, Civil Liberties, Activism, Workers' Rights",https://en.wikipedia.org/wiki/In_These_Times,https://twitter.com/InTheseTimesMag
Indian Country Today,https://indiancountrytoday.com/,https://www.youtube.com/@IndianCountryToday,"The Indigenous world, including American Indians and Alaska Natives","Not-for-profit limited liability company. Funded by donations, grants, and advertising.","Indigenous News, American Indians, Alaska Natives, Native Culture, Tribal Sovereignty, Environmental Issues in Native Communities, Indigenous Rights, Native American History, Tribal News",https://en.wikipedia.org/wiki/Indian_Country_Today,https://twitter.com/IndianCountry
Inside Climate News,https://insideclimatenews.org/,https://www.youtube.com/@InsideClimateNews,"Climate change, energy, environment","501(c)(3) nonprofit organization. Funded by donations, grants, and corporate sponsorships. Viewpoint: serving as watchdogs of government, industry and advocacy groups and holding them accountable for their policies and actions.","Climate Change, Environmental Journalism, Energy Policy, Global Warming, Clean Energy Transition, Climate Science, Environmental Impact, Green Technology, Climate Advocacy",https://en.wikipedia.org/wiki/InsideClimate_News,https://twitter.com/insideclimate
Institute for Policy Studies,https://ips-dc.org,https://www.youtube.com/user/InstPolicyStudies,"Progressive multi-issue think tank dedicated to equitable, sustainable, and peaceful societal development, partnering with social movements and influencing policy and research in social justice.","Progressive multi-issue think tank, Independent from governmental funding and corporate influence, Engages in policy research, advocacy, and grassroots activism, Works on local, national, and global levels, Organizes interdisciplinary programs and initiatives, Pioneers in modern politics of ideas, Actively involved in anti-Vietnam War movement, Supports movements against U.S. intervention in Central America, Focuses on economic and racial justice, environmental issues, and peace & foreign policy","Economic Justice, Racial & Gender Justice, Climate Justice, Peace & Foreign Policy",https://en.wikipedia.org/wiki/Institute_for_Policy_Studies,https://twitter.com/IPS_DC
Inter Press Service,http://www.ipsnews.net/,https://www.youtube.com/@ipsnews,World news,Not-for-profit cooperative.,"Development & Aid, Economy & Trade, Environment, Human Rights, Global Governance, Gender",https://en.wikipedia.org/wiki/Inter_Press_Service,https://twitter.com/ipsnews
Katie Halper,https://katiehalper.com,https://www.youtube.com/@TheKatieHalperShow,"Katie Halper is an active youtuber and dedicates most of her time to the Israel Palestine conflict.",individual,"Israel Palestine conflict, progressive politics, political commentary, comedy, feminism, social justice, activism, podcasting, interviews, media criticism, left-wing perspective, Bernie Sanders, healthcare, climate change, income inequality, LGBTQ+ rights, racial justice, feminism, progressive policies.",https://en.wikipedia.org/wiki/Katie_Halper,https://twitter.com/kthalps
Labor Notes,https://labornotes.org/,https://www.youtube.com/@labornotes,US labor news,Nonprofit. Reader supported.,"Organizing strategies, Aggressive approaches to fight concessions, Alliances with worker centers, Member-driven unionism",https://en.wikipedia.org/wiki/Labor_Notes,https://twitter.com/labornotes
LabourStart,https://www.labourstart.org,https://www.youtube.com/@erictlee1,US labor news,Operated by a network of volunteers. Administered by Eric Lee. Funded by donations and advertising.,"International trade union movement, Labor news and campaigns",https://en.wikipedia.org/wiki/LabourStart,https://twitter.com/labourstart
Latino USA,https://www.latinousa.org/,https://www.youtube.com/@LatinoUSA,Latino issues,"Produced by Futuro Media, a nonprofit organization. Funded by donations, grants, and corporate sponsorships.",Latino-focused news and cultural content,https://en.wikipedia.org/wiki/Latino_USA,https://twitter.com/LatinoUSA
Living on Earth,https://loe.org,n/a,"Hosts a weekly environmental news and information program distributed by PRX. It features news, interviews, and commentary on a broad range of ecological issues. The program is associated with the School for the Environment at the University of Massachusetts/Boston.",501(c)(3) nonprofit organization,"Environmental News, Climate Change, Electric Vehicles, Fossil Fuel Industry, Public Health, Wildlife Conservation",https://en.wikipedia.org/wiki/Living_on_Earth,https://twitter.com/loe_org
Mother Jones,http://www.motherjones.com/,https://www.youtube.com/@MotherJones,Mother Jones is a reader-supported nonprofit news organization and the winner of the American Society of Magazine Editors’ 2017 Magazine of the Year Award. Our staff does independent and investigative reporting on everything from politics and climate change to education and food.,"Mother Jones is a nonprofit founded in 1976, primarily supported by reader contributions, focusing on deep investigative journalism on underreported issues, and emphasizing public service rather than corporate interests or advertising revenue","Climate Change, Environmental Sustainability, Social Justice, Voting Rights, Gender Justice, Racial Justice",https://en.wikipedia.org/wiki/Mother_Jones_(magazine),https://twitter.com/motherjones
Next City,https://nextcity.org/,https://www.youtube.com/@NextCityOrg,"U.S. urban affairs. Inspiring greater economic, environmental, and social justice in cities.","Nonprofit. Funded by foundations, individuals, corporate sponsorship, ads, and events.","Economic Justice, Housing, Transportation, Arts & Culture, Environment, Technology, Gentrification, Poverty, Infrastructure, Police, Community Engagement, COVID-19",https://en.wikipedia.org/wiki/Next_City,https://twitter.com/NextCityOrg
Norman Finkelstein,https://normanfinkelstein.com,https://www.youtube.com/@normanfinkelstein-kx5qm,"Norman Finkelstein is an American political scientist, activist, professor, and author, known for his primary fields of research in the Israeli-Palestinian conflict and the politics of the Holocaust. He is a critic of Israeli policies and U.S. foreign policy in the Middle East. Finkelstein's most notable works include ""The Holocaust Industry"" and ""Image and Reality of the Israel-Palestine Conflict."" His views have been both widely supported and heavily criticized, leading to significant debate and controversy in academic and political circles.",individual,"Israel Palestine conflict, cancel culture, academic freedom",https://en.wikipedia.org/wiki/Norman_Finkelstein,https://twitter.com/normfinkelstein
Novara Media,https://novaramedia.com,https://www.youtube.com/@NovaraMedia,"Novara Media is an independent, left-wing alternative media organization based in the United Kingdom. It was founded in 2011 by James Butler and Aaron Bastani. Novara Media focuses on addressing various issues of the 21st century, including matters such as a crisis of capitalism, racism, climate change, and more. It is committed to providing independent and truthful journalism as an alternative to mainstream media. Focuses a lot on the Israel Palestine conflict.","501(c)(3) nonprofit. Audience supported. No ads, underwriting, corporate or government funding.","Israel Palestine conflict, UK news, social justice, politics, activism, media criticism, left-wing perspective, inequality, climate change, capitalism, feminism, anti-racism, progressive movements",https://en.wikipedia.org/wiki/Novara_Media,https://twitter.com/novaramedia
NPR - Politics: Fact Check,https://www.npr.org/sections/politics-fact-check,https://www.youtube.com/@NPR,Facts checked by the staff of National Public Radio,"Founded in 1970 as a nonprofit. Its funding comes primarily from member stations, corporate sponsorships, institutional grants, individual contributions, and fees paid by the Public Radio Satellite System users​","U.S. Politics, Political Fact-Checking, Elections, Policy Analysis, Government Accountability",https://en.wikipedia.org/wiki/NPR,https://twitter.com/NPR
Open Democracy,https://www.opendemocracy.net/,https://www.youtube.com/@_openDemocracy,"openDemocracy is an independent global media platform publishing up to 60 articles a week and attracting over 8 million visits per year. Through reporting and analysis of social and political issues, openDemocracy seeks to challenge power and encourage democratic debate across the world. With human rights as our central guiding focus, we ask tough questions about freedom, justice and democracy.","Nonprofit organization, located in Washington D.C., focused on tracking and publishing data on campaign finance and lobbying. Originally formed from the merger of the Center for Responsive Politics and the National Institute on Money in Politics. Funded through donations, including major donors like the Carnegie Corporation of New York, Democracy Fund, and Google.","Campaign Finance, U.S. Politics, Lobbying, Political Donations, Nonpartisan Analysis",https://en.wikipedia.org/wiki/OpenDemocracy,https://twitter.com/_openDemocracy
Center for Responsive Politics (Open Secrets),https://www.opensecrets.org/,https://www.youtube.com/@OpenSecretsDC,"Money in politics, U.S. politics and economics","Published by the Center for Responsive Politics, a 501(c)(3) nonprofit organization. Funded by donations, grants, and income earned from custom research and licensing data for commercial use. Viewpoint: strengthening democracy by providing information about money’s role in politics.","Campaign finance, U.S. politics, money in elections, political donations, lobbying, soft money contributions, politicians' finances, political organizations, political funding trends, interest groups, non-partisan research, political finance.",https://en.wikipedia.org/wiki/OpenSecrets,https://twitter.com/OpenSecretsDC
Opt Out,https://www.optoutnews.org/,https://www.youtube.com/@OptOutPodcast,US and world news and commentary,"Digital news ecosystem, independent and reliable, alternative to corporate and legacy media. First news aggregation app for exclusively independent media. Project of the OptOut Media Foundation, a 501(c)(3) nonprofit charity. Funded entirely by individual donations and foundation grants, no ads.","Independent Media, Digital News, Alternative Media, Current Events",https://en.wikipedia.org/wiki/Opt_Out_(news_aggregator),https://twitter.com/OptOutNews
Our World in Data,https://ourworldindata.org/,https://www.youtube.com/@ourworldindata3652,Research and data to address global problems,Nonprofit organization. Funded by donations and grants.,"Poverty, Disease, Hunger, Climate Change, War, Existential Risks, Inequality, Health, Education, Violence, Political Power, Human Rights, Poverty, Inequality, Energy, Hunger, Environmental Impact",https://en.wikipedia.org/wiki/Our_World_in_Data,https://twitter.com/OurWorldInData
Owen Jones,https://www.theguardian.com/profile/owen-jones,https://www.youtube.com/@OwenJonesTalks,"Owen Jones is a well-known British journalist and political commentator who has gained prominence for his investigative reporting on the Israel-Palestine conflict. He has contributed to publications such as 'The Guardian,' 'New Statesman,' and 'Tribune.' Jones is recognized for his influential books and his role as a left-wing activist, making a significant impact on British media and politics.",individual,"Israel Palestine conflict, UK news, socialism, politics, journalism, inequality, activism, Corbynism, Labour Party, class struggle, progressive, left-wing, working class, media critique, British politics, economic justice, social justice",https://en.wikipedia.org/wiki/Owen_Jones_(writer),https://twitter.com/OwenJones84
Popular Resistance,https://popularresistance.org,https://www.youtube.com/@PopularResistanceOrg,"Provides a daily stream of resistance news from across the United States and around the world. They are involved in organizing campaigns and participating in coalitions on a broad range of issues. Popular Resistance does not use advertising or underwriting to support its work, relying instead on donations​.","Funded by The Alliance for Global Justice, Nonprofit, Grassroots Movement","Peace, Justice, Economic Fairness, Environmental Protection",https://en.wikipedia.org/wiki/Popular_Resistance_(organization),https://twitter.com/PopResistance
Project Censored,https://www.projectcensored.org,https://www.youtube.com/@ProjectCensored,"Project Censored, free press, democratic self-government, news censorship, independent investigative journalism, media literacy, critical thinking, informed public, government participation","Project Censored is a nonprofit organization that promotes critical media literacy and independent journalism. Their mission includes educating students and the public about the importance of a free press for democratic self-government. They focus on exposing and opposing news censorship while promoting independent investigative journalism, media literacy, and critical thinking. They also provide comprehensive educational materials and engage in various multimedia content creation to support their mission​","Media Literacy, Independent Journalism, Democracy, Underreported News, Media Ownership Concentration, News Deserts, Digital Divide, Misinformation, Disinformation, Independent Investigative Journalism, Media Censorship, Press Freedom, Critical Thinking in News Evaluation",https://en.wikipedia.org/wiki/Project_Censored,https://twitter.com/ProjectCensored
ProPublica,https://www.propublica.org/,https://www.youtube.com/@ProPublica,"ProPublica is an independent, nonprofit newsroom that produces investigative journalism in the public interest. Our work focuses exclusively on truly important stories, stories with “moral force.” We do this by producing journalism that shines a light on exploitation of the weak by the strong and on the failures of those with power to vindicate the trust placed in them. ","Nonprofit. Funded primarily by donations from individuals. Also accepts ads and sponsorship. Viewpoint: exposing abuses of power and betrayals of the public trust by government, business, and other institutions.","Racial Justice, Health Care, Education, Criminal Justice, Civil Rights, Courts, Debt, Democracy, Environment, Health Insurance, Immigration, Labor, Mental Health, Military, Police, Politics, Pregnancy, Prison, Regulation, Sex and Gender, Technology, Trump Administration",https://en.wikipedia.org/wiki/ProPublica,https://twitter.com/propublica
Public Citizen,https://www.citizen.org/,https://www.youtube.com/@PublicCitizen,Consumer advocacy,"Nonprofit. Funded by donations, grants, publications and subscriptions, and income from programs, rent, and investments. Viewpoint: defending democracy, resisting corporate power.","Democracy Defense, Government Accountability, Consumer & Worker Safeguards, Health Care, Globalization & Trade, Climate & Energy, Justice & Courts",https://en.wikipedia.org/wiki/Public_Citizen,https://twitter.com/Public_Citizen
PushBlack,https://www.pushblack.us/,https://www.youtube.com/@PushBlack,Black news and history,"Nonprofit. Funded by subscriptions, donations, and grants. Viewpoint: news and history most relevant to Black people worldwide.","Black History, Black News, Criminal Justice Reform, Voting Campaigns, Economic Justice Policy, Community Empowerment",n/a,https://twitter.com/PushBlackNow
Quanta Magazine,https://www.quantamagazine.org/,https://www.youtube.com/@QuantaScienceChannel,Journalism about new discoveries in science and math,"Owned and funded by the Simons Foundation, a private foundation that funds math and science research. Editorially independent.","Mathematics, Theoretical Physics, Theoretical Computer Science, Basic Life Sciences",https://en.wikipedia.org/wiki/Quanta_Magazine,https://twitter.com/QuantaMagazine
Religion News Service,https://religionnews.com/,n/a,Secular reporting on religion,Nonprofit. Affiliated with the Missouri School of Journalism at the University of Missouri. Viewpoint: progressive.,Nonprofit,https://en.wikipedia.org/wiki/Religion_News_Service,https://twitter.com/RNS
Reporting by Matt Taibbi,https://taibbi.substack.com/,https://www.youtube.com/@matttaibbibehindthenews2633,US political news,Owned by journalist Matt Taibbi. For-profit. Funded by subscriptions.,,https://en.wikipedia.org/wiki/Matt_Taibbi,https://twitter.com/mtaibbi
Resilience (Post Carbon Institute),https://www.resilience.org,n/a,"Supports building community resilience in a world of multiple emerging challenges: decline of cheap energy, depletion of critical resources, environmental crises, and related social and economic issues. Covers news, research, and analysis in areas such as energy, economy, environment, food & water, society, geopolitics, ecology, population, finance, urban design, health, and religious and gender issues.","Strong infrastructure, diverse governance structure, thriving workplace culture, and strategic plan for service delivery. Demonstrates resilience through adaptability and response to crisis, similar to bamboo scaffolding.","Supports community resilience; focuses on environmental, economic, and social challenges.",https://en.wikipedia.org/wiki/Resilience_(organisation),https://twitter.com/resilience_me
Reveal – Center for Investigative Reporting,https://www.revealnews.org/,https://www.youtube.com/@reveal,"US news, investigative reporting. Viewpoint: to shine a bright light on injustice and protect the most vulnerable.","Published by the Center for Investigative Reporting, a nonprofit organization. Funded by individuals and grants. No government funding.","Covers a range of investigative journalism topics including criminal justice, equity, inequality, justice, gun violence, immigration, and voting access & rights. Engages in data-driven reporting, including explanatory and investigative reporting, newsroom collaborations, podcasts, and storytelling. Focuses on engaging and empowering the public through journalism that sparks action, improves lives, and protects democracy.",https://en.wikipedia.org/wiki/Reveal_(radio_program),https://twitter.com/Reveal
Sludge,https://readsludge.com/,n/a,Reporting on lobbying and money in politics,"Funded by donations and grants. No money from advertisers, interest groups, or corporations. Viewpoint: committed to exposing special interest lobbying.","Investigative journalism on lobbying and money in politics, special interests, corporate networks in government, economic powers shaping public policy",n/a,https://twitter.com/Sludge
The 19th News,https://www.19thnews.org/,https://www.youtube.com/@19thNews,"The intersection of gender, politics and policy",Nonprofit. Funded by donations and grants. Viewpoint: empowering women.,"Gender, politics, policy, business and economy, coronavirus, education, environment and climate, health, immigration, justice, LGTBQ+ issues, race",https://en.wikipedia.org/wiki/The_19th_(news_website),https://twitter.com/19thnews
The Appeal,https://theappeal.org/,n/a,Impact of the political and legal system on the most vulnerable,"Nonprofit. Published by The Justice Collaborative, which is a fiscally sponsored project of Tides Advocacy. Funded by donations. Viewpoint: social justice.","Exposing failures and harms of the U.S. criminal legal system, systemic racism in justice, police accountability, prison abolition, alternatives to incarceration, criminal justice reform, death penalty, pretrial and prosecution practices, solitary confinement issues",https://en.wikipedia.org/wiki/The_Appeal_(website),https://twitter.com/theappeal
The Center for Public Integrity,https://publicintegrity.org/,https://www.youtube.com/@PublicintegrityOrg,"The Center for Public Integrity was founded in 1989 by Charles Lewis. We are one of the country's oldest and largest nonpartisan, nonprofit investigative news organizations. We are also the winner of the 2014 Pulitzer Prize for investigative reporting and the 2017 Pulitzer Prize for explanatory reporting.",501(c)(3) nonprofit organization. Funded by donations and grants,"Inequity, Threats to democracy, Trade policy and lobbying, Political fundraising and campaign finance, War profiteering, Pharmaceutical lobbying, Financial crisis, Climate change lobbying, Global cigarette smuggling, Sexual assault on campuses, Chemical industry influence, Offshore banking and global corruption",https://en.wikipedia.org/wiki/Center_for_Public_Integrity,https://twitter.com/publici
The Conversation,https://theconversation.com/us,https://www.youtube.com/@TheConversation,Academic journalism on national and world issues,Independent and not-for-profit. Funded by universities and foundations.,"In-depth analysis and commentary on a variety of topics including politics, science, health, education, environment, technology, and culture",https://en.wikipedia.org/wiki/The_Conversation_(website),https://twitter.com/ConversationUS
Daily Beast,http://www.thedailybeast.com/,https://www.youtube.com/@TheDailyBeast,"The Daily Beast is an American news website focused on politics, media, and pop culture. Founded in 2008, headquartered in New York City.","Parent company is IAC (InterActiveCorp), led by Barry Diller. For-profit organization.","Politics, Media, Pop culture, Scandals, Confronting bullies and hypocrites, Bipartisan political coverage, White House and Trump Administration",https://en.wikipedia.org/wiki/The_Daily_Beast,https://twitter.com/thedailybeast
The Daily Poster,https://sirota.substack.com/,n/a,US political news,For-profit newsletter and website featuring political news and commentary by investigative reporter David Sirota. Funded by subscriptions.,"In-depth analysis and commentary on politics, economic policy, corporate power, labor issues, and media criticism",https://en.wikipedia.org/wiki/David_Sirota,https://twitter.com/davidsirota
The GroundTruth Project,https://thegroundtruthproject.org/,https://www.youtube.com/@GroundTruthProject,US and world news by emerging journalists,Nonprofit. Funded by donations and grants.,"Social justice and human rights issues, in-depth special reports, media industry, misinformation, global challenges, race-focused stories, public health, environment, religion, humanitarian crises",n/a,https://twitter.com/groundtruth
The Guardian,https://www.theguardian.com/,https://www.youtube.com/@guardiannews,"The Guardian - US Version is a division of the Guardian, headquartered in the United Kingdom.","Owned by a private company that cannot pay dividends. Funded by an endowment, by foundations, and by readers. Viewpoint: center-left.",US and world news,https://en.wikipedia.org/wiki/The_Guardian,https://twitter.com/guardian
The Indypendent,https://indypendent.org,https://www.youtube.com/@theindypendent6946,"The Indypendent is a free, progressive newspaper and online news site, focusing on social justice movements in New York and beyond.","Reader-supported news, funded through donations and advertising. Nonprofit organization.","Progressive news covering social justice movements, local and international news, public health, environmental issues, labor movements, political analysis",https://en.wikipedia.org/wiki/The_Indypendent,https://twitter.com/indypendent
The Intercept,https://theintercept.com/,https://www.youtube.com/@TheInterceptFLM,"We believe the prime value of journalism is that it imposes transparency, and thus accountability, on those who wield the greatest governmental and corporate power. Our journalists will be not only permitted, but encouraged, to pursue stories without regard to whom they might alienate.","Funded by eBay founder Pierre Omidyar’s media company, First Look Media. Funding structure unclear.","Surveillance, Whistleblowers, Government transparency, Civil liberties, National security, Criminal justice reform, Climate change, Corporate power, Privacy issues, Social justice, Technology and its impact on society, Immigration, Political corruption, Investigative journalism, International affairs",https://en.wikipedia.org/wiki/The_Intercept,https://twitter.com/theintercept
The Marshall Project,https://www.themarshallproject.org/,https://www.youtube.com/@TheMarshallProject,U.S. criminal justice system,501(c)(3) nonprofit. Funding: foundations and individuals. Viewpoint: to create and sustain a sense of national urgency about the U.S. criminal justice system. Committed to a diverse workforce.,"Criminal justice reform, Incarceration, Prison system, Policing, Criminal justice policy, Mass incarceration, Sentencing, Juvenile justice, Death penalty, Criminal justice data, Criminal justice disparities, Legal system, Prison conditions, Criminal justice reporting, Racial disparities in the criminal justice system",https://en.wikipedia.org/wiki/The_Marshall_Project,https://twitter.com/MarshallProj
The Progressive,https://progressive.org,https://www.youtube.com/theprogressive,"Platform for voices of dissent and those under-represented in mainstream media. It champions grassroots progressive politics, with a focus on peace, social justice, and the common good.",Reader-supported nonprofit since 1909,"Resistance, Democracy, Climate, COVID-19, Disability Rights, Foreign Policy, Gender Justice, Health Care, Housing, Labor, LGBTQ+, Racial Justice, War and Peace, Magazine, Public Schools Advocate, About Public Schools Advocate, Donor Transparency",https://en.wikipedia.org/wiki/The_Progressive,https://twitter.com/thenation
Real News Network,https://therealnews.com/,https://www.youtube.com/@TheRealNews,"The Real News Network is a platform that focuses on principled journalism that delves into the root causes of various crises. They prioritize journalism that empowers people to take action and address issues such as worker exploitation, the climate crisis, white supremacy, and more. They produce shows, podcasts, and series that provide in-depth analysis and reporting on these issues.","501(c)(3) nonprofit organization. Funded by donations and grants. No ads, no corporate or government funding. It relies on donations from its community.","US news, international news, justice, equality, ecology, climate crisis, economy and inequality, movements and politics (both international and in the US), prisons and policing, racial justice",https://en.wikipedia.org/wiki/The_Real_News_Network,https://twitter.com/TheRealNews
The Trace,https://www.thetrace.org/,n/a,Gun violence in the U.S.,Nonprofit. Funded by grants and donations.,"gun violence crisis, gun accountability, firearm related crimes, deaths, injuries",https://en.wikipedia.org/wiki/The_Trace_(website),https://twitter.com/teamtrace
The World from PRX,https://www.pri.org/,n/a,US and world news,"Public Radio International (PRI) has merged with Public Radio Exchange (PRX). The World is a co-production of PRX, WGBH and the BBC World Service. PRX is a 501(c)(3) nonprofit organization funded by donations and grants. WGBH is a public radio station funded by donations, grants, and corporate sponsorships. BBC World Service is funded by the British government.","Social Justice Issues, Global Issues and Women's Rights, Immigration and Diversity",https://en.wikipedia.org/wiki/The_World_(radio_program),https://twitter.com/pritheworld
Truth Be Told,http://truthbetold.news/category/fact-checks/,n/a,"TruthBeTold.news (formerly called HU Insight) is a nonprofit, non-partisan website and digital network, run and edited from Howard University’s Department of Media, Journalism and Film in the School of Communications. It uses journalistic skills and crowdsourced information to play a leading role by examining claims about the black community in public debate .","Funded through grants and donations, project of Howard University. Nonprofit organization.","Black Lives Matter and Social Justice, Education, Fact-Checks and Myths, Music and Culture, Politics and Government, Economics and Racial Wealth Gap",https://en.wikipedia.org/wiki/TruthBeTold.news,https://twitter.com/truthbetoldnews
TruthDig,http://www.truthdig.com/,https://www.youtube.com/@truthdig,"Truthdig, founded in 2005 by Publisher Zuade Kaufman and Editor in Chief Robert Scheer, is dedicated to reporting on current issues that are insufficiently covered by mainstream media. The website’s mission is to dig beneath the headlines, provide expert reporting and commentary from a progressive point of view, and offer an outlet for original work by exceptional journalists.","Held through Truthdig LLC, generates revenue through advertising, donations, and grants. For-profit organization.","Arts Criticism, Activism, Politics, Environment, Education, Diversity, Science, Technology, World Regions",https://en.wikipedia.org/wiki/Truthdig,https://twitter.com/truthdig
TruthOut,http://www.truth-out.org/,https://www.youtube.com/@truthout,"Truthout works to spark action by revealing systemic injustice and providing a platform for transformative ideas, through in-depth investigative reporting and critical analysis. With a powerful, independent voice, we will spur the revolution in consciousness and inspire the direct action that is necessary to save the planet and humanity.",Nonprofit. Funded primarily by donations from readers. Some foundation grants. No ads or corporate funding.,"Social Justice, Investigative Journalism, Political Analysis, Environmental Issues, Corporate Influence, Human Rights, U.S. Politics, Progressive Perspectives",https://en.wikipedia.org/wiki/Truthout,https://twitter.com/truthout
Type Investigations,https://typeinvestigations.org/,n/a,Investigative reporting,"501(c)(3) nonprofit organization, formerly the Investigative Fund of the Nation Institute, which was affiliated with the Nation magazine. Funded by donations and grants.",,https://en.wikipedia.org/wiki/Type_Investigations,https://twitter.com/typeinvestigate
Unicorn Riot,https://unicornriot.ninja/,https://www.youtube.com/@UnicornRiot,US news,501(c)(3) nonprofit organization. Funded by donations. Independent of corporate or government control. Viewpoint: exposing root causes of dynamic social and environmental issues,"decentralized media, educational, non-profit, independent journalism, underrepresented stories, alternative perspectives, diverse stories, community engagement, non-hierarchical, free nonprofit news",https://en.wikipedia.org/wiki/Unicorn_Riot,https://twitter.com/UR_Ninja
Who.What.Why,https://whowhatwhy.org/,https://www.youtube.com/@WhoWhatWhy,"WhoWhatWhy embodies a form of investigative reporting that is rigorous, relentless and scientific — we call it forensic journalism.",Nonprofit. Readers supported.,"Investigative Journalism, Politics, Elections, International Affairs, Justice, Hidden Power, Economy, Science, Technology, Culture, Opinions, Analysis, Multimedia Content, Election Integrity, Environmental Journalism, Mentor-Apprentice Program",https://en.wikipedia.org/wiki/WhoWhatWhy,https://twitter.com/whowhatwhy
Yale Environment 360,https://e360.yale.edu/,n/a,Environmental news,Published by the Yale School of Forestry and Environmental Studies. Yale is a private research university. Funded by grants.,"biodiversity, climate change, energy, food and agriculture, oceans, policy, cities, solutions to environmental challenges",https://en.wikipedia.org/wiki/Yale_Environment_360,https://twitter.com/YaleE360
Yes Magazine,http://www.yesmagazine.org/,n/a,"Yes! Magazine reframes the biggest problems of our time in terms of their solutions. Online and in print, we outline a path forward with in-depth analysis, tools for citizen engagement, and stories about real people working for a better world.","Owned and published by Positive Futures Network, a 501 (c) (3) nonprofit organization, funded through donations and subscription fees. Nonprofit organization.","Independent Publisher, Solutions Journalism, Social Justice, Environmental Sustainability, Alternative Economics, Peace, Community-based Solutions, Active Engagement, Just Transition, Sanctuary City, Solidarity Economy, Decolonization, Recycled Paper Use, Progressive Journalism Network, Racial Justice, Government and Politics Reporting, Digital Innovation, Environment, Nature, Science Reporting",https://en.wikipedia.org/wiki/Yes!_(U.S._magazine),https://twitter.com/yesmagazine
Z Network,https://znetwork.org,https://www.youtube.com/@znetwork_official,"Dedicated to developing vision and strategic activism, resisting injustice, defending against repression, and fostering liberty, ZNetwork views the racial, gender, class, political, and ecological dimensions of life as fundamental to understanding and improving contemporary circumstances. It's a platform for educational content, vision, and strategic analysis, aimed at assisting activist efforts for a better future","Owned by Z Network, a left-wing activist-oriented media group. Funded through donations. Nonprofit organization under Institute for Social and Cultural Communications, Inc.","Activism, Politics/Government, International Relations, Climate Change, Labor, Memorial, Social Theory, Vision & Strategy, Law/Crime/Justice, Media, Institutional Racism, U.S. Foreign Policy, Global Economy, Economic Vision, Radical Theory, Political Economy, Anti-Capitalism, Libertarian Socialism, Participatory Economics, Alternative Media",https://en.wikipedia.org/wiki/Z_Communications,https://twitter.com/zcomm
